,Latitude,Longitude,Sample Date,t500_static_NDVI,t500_static_NDBI,t500_static_BSI,t500_std_NDVI,t500_std_BSI,t2k_static_NDVI,t2k_static_NDBI,t2k_static_BSI,t2k_static_NDWI,t2k_static_NDMI,t2k_std_NDVI,t2k_std_NDWI,t2k_std_BSI,t2k_std_NDMI,t8k_static_NDVI,t8k_static_NDBI,t8k_static_NDWI,t8k_static_NDMI,t8k_std_NDWI,t8k_std_NDMI,t2k_has_urban_sig_ec,t2k_has_urban_sig_drp,t2k_has_mine_sig_ec,t2k_has_mine_sig_drp,t2k_has_farm_sig_ec,t2k_has_farm_sig_drp,t8k_has_urban_sig_ec,t8k_has_urban_sig_drp,t8k_has_mine_sig_ec,t8k_has_mine_sig_drp,t8k_has_farm_sig_ec,t8k_has_farm_sig_drp,t500_90d_NDVI_anomaly,t500_90d_BSI_anomaly,t500_90d_NDVI_1st_diff,t2k_90d_NDVI_anomaly,t2k_90d_NDWI_anomaly,t2k_90d_BSI_anomaly,t2k_90d_NDMI_anomaly,t8k_90d_NDWI_anomaly,t8k_90d_NDMI_anomaly
0,-26.006389,29.253889,2011-01-20,0.1244773297539163,0.0495836973071049,0.0718464854283616,0.169266313714034,0.0906403469746936,0.1031283396058441,0.0604459630532691,0.0821089019936133,-0.1639341923484232,-0.0583945027283763,0.1356340225141373,0.1536107321758066,0.0964866343663488,0.0995625090612613,0.1101392329246263,0.0771813172206457,-0.1821250149624154,-0.0728087781558591,0.1511998803573879,0.1000284288149222,0.0107466592573096,0.0088771097641457,0.0290357877913749,0.0249024236306551,0.0028143182993652,0.0047981370875447,0.017223126370401,0.0162623057772417,0.0330395053290797,0.0318335717713837,0.0195765081629513,0.0162801656911489,1.5344177276414854,-0.3524358537851877,0.2597252326087806,0.800790821731521,-0.514204709792679,-0.1005220608669731,0.1725499795959424,-0.2614340996847858,-0.0049826382773677
1,-26.006389,29.253889,2011-02-15,0.1244773297539163,0.0495836973071049,0.0718464854283616,0.169266313714034,0.0906403469746936,0.1031283396058441,0.0604459630532691,0.0821089019936133,-0.1639341923484232,-0.0583945027283763,0.1356340225141373,0.1536107321758066,0.0964866343663488,0.0995625090612613,0.1101392329246263,0.0771813172206457,-0.1821250149624154,-0.0728087781558591,0.1511998803573879,0.1000284288149222,0.0107466592573096,0.0088771097641457,0.0290357877913749,0.0249024236306551,0.0028143182993652,0.0047981370875447,0.017223126370401,0.0162623057772417,0.0330395053290797,0.0318335717713837,0.0195765081629513,0.0162801656911489,0.1330391746204696,-1.1642611098343172,0.0225190506808684,1.1535905491106857,-0.5859636850195198,-0.8786272395155572,0.9617676331217327,-0.5606377487457034,0.8201579817775377
2,-26.006389,29.253889,2011-03-15,0.1244773297539163,0.0495836973071049,0.0718464854283616,0.169266313714034,0.0906403469746936,0.1031283396058441,0.0604459630532691,0.0821089019936133,-0.1639341923484232,-0.0583945027283763,0.1356340225141373,0.1536107321758066,0.0964866343663488,0.0995625090612613,0.1101392329246263,0.0771813172206457,-0.1821250149624154,-0.0728087781558591,0.1511998803573879,0.1000284288149222,0.0107466592573096,0.0088771097641457,0.0290357877913749,0.0249024236306551,0.0028143182993652,0.0047981370875447,0.017223126370401,0.0162623057772417,0.0330395053290797,0.0318335717713837,0.0195765081629513,0.0162801656911489,0.1330391746204696,-1.1642611098343172,0.0225190506808684,1.1535905491106857,-0.5859636850195198,-0.8786272395155572,0.9617676331217327,-0.5606377487457034,0.8201579817775377
3,-26.006389,29.253889,2011-04-12,0.1244773297539163,0.0495836973071049,0.0718464854283616,0.169266313714034,0.0906403469746936,0.1031283396058441,0.0604459630532691,0.0821089019936133,-0.1639341923484232,-0.0583945027283763,0.1356340225141373,0.1536107321758066,0.0964866343663488,0.0995625090612613,0.1101392329246263,0.0771813172206457,-0.1821250149624154,-0.0728087781558591,0.1511998803573879,0.1000284288149222,0.0107466592573096,0.0088771097641457,0.0290357877913749,0.0249024236306551,0.0028143182993652,0.0047981370875447,0.017223126370401,0.0162623057772417,0.0330395053290797,0.0318335717713837,0.0195765081629513,0.0162801656911489,0.052720944019486,-0.6105226027620574,0.0089238798549744,0.8579739136656479,-0.3863276488329477,-0.3147076508761404,0.2701286848893267,-0.3678776027034276,0.2012144527790993
4,-26.006389,29.253889,2011-05-04,0.1244773297539163,0.0495836973071049,0.0718464854283616,0.169266313714034,0.0906403469746936,0.1031283396058441,0.0604459630532691,0.0821089019936133,-0.1639341923484232,-0.0583945027283763,0.1356340225141373,0.1536107321758066,0.0964866343663488,0.0995625090612613,0.1101392329246263,0.0771813172206457,-0.1821250149624154,-0.0728087781558591,0.1511998803573879,0.1000284288149222,0.0107466592573096,0.0088771097641457,0.0290357877913749,0.0249024236306551,0.0028143182993652,0.0047981370875447,0.017223126370401,0.0162623057772417,0.0330395053290797,0.0318335717713837,0.0195765081629513,0.0162801656911489,0.052720944019486,-0.6105226027620574,0.0089238798549744,0.8579739136656479,-0.3863276488329477,-0.3147076508761404,0.2701286848893267,-0.3678776027034276,0.2012144527790993
5,-26.006389,29.253889,2011-06-07,0.1244773297539163,0.0495836973071049,0.0718464854283616,0.169266313714034,0.0906403469746936,0.1031283396058441,0.0604459630532691,0.0821089019936133,-0.1639341923484232,-0.0583945027283763,0.1356340225141373,0.1536107321758066,0.0964866343663488,0.0995625090612613,0.1101392329246263,0.0771813172206457,-0.1821250149624154,-0.0728087781558591,0.1511998803573879,0.1000284288149222,0.0107466592573096,0.0088771097641457,0.0290357877913749,0.0249024236306551,0.0028143182993652,0.0047981370875447,0.017223126370401,0.0162623057772417,0.0330395053290797,0.0318335717713837,0.0195765081629513,0.0162801656911489,0.052720944019486,-0.6105226027620574,0.0089238798549744,0.8579739136656479,-0.3863276488329477,-0.3147076508761404,0.2701286848893267,-0.3678776027034276,0.2012144527790993
6,-26.006389,29.253889,2011-07-26,0.1244773297539163,0.0495836973071049,0.0718464854283616,0.169266313714034,0.0906403469746936,0.1031283396058441,0.0604459630532691,0.0821089019936133,-0.1639341923484232,-0.0583945027283763,0.1356340225141373,0.1536107321758066,0.0964866343663488,0.0995625090612613,0.1101392329246263,0.0771813172206457,-0.1821250149624154,-0.0728087781558591,0.1511998803573879,0.1000284288149222,0.0107466592573096,0.0088771097641457,0.0290357877913749,0.0249024236306551,0.0028143182993652,0.0047981370875447,0.017223126370401,0.0162623057772417,0.0330395053290797,0.0318335717713837,0.0195765081629513,0.0162801656911489,,,,,,,,,
7,-26.006389,29.253889,2011-10-19,0.1244773297539163,0.0495836973071049,0.0718464854283616,0.169266313714034,0.0906403469746936,0.1031283396058441,0.0604459630532691,0.0821089019936133,-0.1639341923484232,-0.0583945027283763,0.1356340225141373,0.1536107321758066,0.0964866343663488,0.0995625090612613,0.1101392329246263,0.0771813172206457,-0.1821250149624154,-0.0728087781558591,0.1511998803573879,0.1000284288149222,0.0107466592573096,0.0088771097641457,0.0290357877913749,0.0249024236306551,0.0028143182993652,0.0047981370875447,0.017223126370401,0.0162623057772417,0.0330395053290797,0.0318335717713837,0.0195765081629513,0.0162801656911489,0.5543388585167146,0.0347809376272162,0.0938308951850036,0.2473530675817999,-0.0638196457428645,0.0755440961514878,-0.2348685687903476,0.1001485595375388,-0.2428174916186946
8,-26.006389,29.253889,2012-05-01,0.0394039254802584,0.0053806361344,0.0110708840704859,0.161705301971906,0.0869236878188739,0.1261822537618784,0.042040644296433,0.0579827772897137,-0.1614149870304067,-0.0410431559452062,0.1346297271800792,0.153605733447578,0.0913616971555779,0.0934316822207473,0.1258392956573062,0.0555714532931858,-0.1808361776613665,-0.0522412160805568,0.1507587835277777,0.0932316755602957,0.0107466592573096,0.0088771097641457,0.0290357877913749,0.0249024236306551,0.0028143182993652,0.0047981370875447,0.017223126370401,0.0162623057772417,0.0330395053290797,0.0318335717713837,0.0195765081629513,0.0162801656911489,0.6789292795380436,-0.0633410436345289,0.1097864642331608,0.2519016225733023,-0.18072913211215,0.123803093566876,-0.1773425303750608,-0.0406196444771824,-0.2248538948684165
9,-26.006389,29.253889,2012-06-05,0.0394039254802584,0.0053806361344,0.0110708840704859,0.161705301971906,0.0869236878188739,0.1261822537618784,0.042040644296433,0.0579827772897137,-0.1614149870304067,-0.0410431559452062,0.1346297271800792,0.153605733447578,0.0913616971555779,0.0934316822207473,0.1258392956573062,0.0555714532931858,-0.1808361776613665,-0.0522412160805568,0.1507587835277777,0.0932316755602957,0.0107466592573096,0.0088771097641457,0.0290357877913749,0.0249024236306551,0.0028143182993652,0.0047981370875447,0.017223126370401,0.0162623057772417,0.0330395053290797,0.0318335717713837,0.0195765081629513,0.0162801656911489,-0.1457221879506733,0.1087311984046306,-0.0235640504211426,-0.4330369100457508,0.4243718551966864,0.3500632502494902,-0.5967739877485863,0.2634135688108396,-0.6636403646713579
10,-26.006389,29.253889,2014-05-06,0.2116442463507449,0.0758755412793824,0.1174720389752209,0.1899075509621052,0.1127034505974088,0.2015120685935811,0.123493249160037,0.1631518550431919,-0.2832464009923471,-0.1146660657062103,0.1523154914080114,0.163766762689609,0.1039386700511167,0.1088320654129302,0.1952444697696499,0.1425765832399518,-0.2935198243643702,-0.1365959308551293,0.150772314470135,0.1030288011423866,0.0107466592573096,0.0088771097641457,0.0290357877913749,0.0249024236306551,0.0028143182993652,0.0047981370875447,0.017223126370401,0.0162623057772417,0.0330395053290797,0.0318335717713837,0.0195765081629513,0.0162801656911489,1.1115622184992695,-0.0956453082435149,0.2110940587683569,0.9077885688284544,-0.7169873714889045,-0.1186386042058633,0.1175150677586487,-0.6828297915716446,0.1871117095018462
11,-26.006389,29.253889,2014-06-12,0.2116442463507449,0.0758755412793824,0.1174720389752209,0.1899075509621052,0.1127034505974088,0.2015120685935811,0.123493249160037,0.1631518550431919,-0.2832464009923471,-0.1146660657062103,0.1523154914080114,0.163766762689609,0.1039386700511167,0.1088320654129302,0.1952444697696499,0.1425765832399518,-0.2935198243643702,-0.1365959308551293,0.150772314470135,0.1030288011423866,0.0107466592573096,0.0088771097641457,0.0290357877913749,0.0249024236306551,0.0028143182993652,0.0047981370875447,0.017223126370401,0.0162623057772417,0.0330395053290797,0.0318335717713837,0.0195765081629513,0.0162801656911489,0.4069139941161529,0.5548198115439943,0.0772760401154984,0.2688985782001182,-0.2241052373829402,0.3787580821376664,-0.4988083886663616,-0.1719729231227586,-0.4826462035383111
12,-26.006389,29.253889,2014-06-26,0.2116442463507449,0.0758755412793824,0.1174720389752209,0.1899075509621052,0.1127034505974088,0.2015120685935811,0.123493249160037,0.1631518550431919,-0.2832464009923471,-0.1146660657062103,0.1523154914080114,0.163766762689609,0.1039386700511167,0.1088320654129302,0.1952444697696499,0.1425765832399518,-0.2935198243643702,-0.1365959308551293,0.150772314470135,0.1030288011423866,0.0107466592573096,0.0088771097641457,0.0290357877913749,0.0249024236306551,0.0028143182993652,0.0047981370875447,0.017223126370401,0.0162623057772417,0.0330395053290797,0.0318335717713837,0.0195765081629513,0.0162801656911489,0.0815365942427613,0.8884107768943047,0.0154844149345873,-0.0148526918445049,0.3814932495446775,0.5024610835091086,-0.7957856501669144,0.139246850103177,-0.6949644078115058
13,-26.006389,29.253889,2014-07-15,0.2116442463507449,0.0758755412793824,0.1174720389752209,0.1899075509621052,0.1127034505974088,0.2015120685935811,0.123493249160037,0.1631518550431919,-0.2832464009923471,-0.1146660657062103,0.1523154914080114,0.163766762689609,0.1039386700511167,0.1088320654129302,0.1952444697696499,0.1425765832399518,-0.2935198243643702,-0.1365959308551293,0.150772314470135,0.1030288011423866,0.0107466592573096,0.0088771097641457,0.0290357877913749,0.0249024236306551,0.0028143182993652,0.0047981370875447,0.017223126370401,0.0162623057772417,0.0330395053290797,0.0318335717713837,0.0195765081629513,0.0162801656911489,-0.9061239556627004,-0.326534981525195,-0.172079781378611,-0.7622984213020387,0.8450169390760602,-0.2739591281750377,-0.1606728712990218,0.8156970835580973,-0.0158718511204675
14,-26.006389,29.253889,2014-08-19,0.2116442463507449,0.0758755412793824,0.1174720389752209,0.1899075509621052,0.1127034505974088,0.2015120685935811,0.123493249160037,0.1631518550431919,-0.2832464009923471,-0.1146660657062103,0.1523154914080114,0.163766762689609,0.1039386700511167,0.1088320654129302,0.1952444697696499,0.1425765832399518,-0.2935198243643702,-0.1365959308551293,0.150772314470135,0.1030288011423866,0.0107466592573096,0.0088771097641457,0.0290357877913749,0.0249024236306551,0.0028143182993652,0.0047981370875447,0.017223126370401,0.0162623057772417,0.0330395053290797,0.0318335717713837,0.0195765081629513,0.0162801656911489,-0.5723644597193772,0.1294094820036127,-0.1086963328602918,-0.8480909610345236,1.0216653094850925,-0.4328718172773423,-0.1713407288130222,1.1206650384510084,0.0588485565065501
15,-26.006389,29.253889,2014-09-03,0.2116442463507449,0.0758755412793824,0.1174720389752209,0.1899075509621052,0.1127034505974088,0.2015120685935811,0.123493249160037,0.1631518550431919,-0.2832464009923471,-0.1146660657062103,0.1523154914080114,0.163766762689609,0.1039386700511167,0.1088320654129302,0.1952444697696499,0.1425765832399518,-0.2935198243643702,-0.1365959308551293,0.150772314470135,0.1030288011423866,0.0107466592573096,0.0088771097641457,0.0290357877913749,0.0249024236306551,0.0028143182993652,0.0047981370875447,0.017223126370401,0.0162623057772417,0.0330395053290797,0.0318335717713837,0.0195765081629513,0.0162801656911489,-0.9279166869487632,-0.5644775456828784,-0.1762183856081017,-0.8052881262181635,0.8627663701309922,-0.2322265530690556,-0.1850019550677163,0.8850271208041324,-0.0442893351784794
16,-26.006389,29.253889,2014-10-21,0.2116442463507449,0.0758755412793824,0.1174720389752209,0.1899075509621052,0.1127034505974088,0.2015120685935811,0.123493249160037,0.1631518550431919,-0.2832464009923471,-0.1146660657062103,0.1523154914080114,0.163766762689609,0.1039386700511167,0.1088320654129302,0.1952444697696499,0.1425765832399518,-0.2935198243643702,-0.1365959308551293,0.150772314470135,0.1030288011423866,0.0107466592573096,0.0088771097641457,0.0290357877913749,0.0249024236306551,0.0028143182993652,0.0047981370875447,0.017223126370401,0.0162623057772417,0.0330395053290797,0.0318335717713837,0.0195765081629513,0.0162801656911489,0.1110788421602477,0.5121678790375995,0.0210947108894667,-0.1085646313537066,0.1600456551748273,0.3858490124060639,-0.6840453939742952,0.1308026314404783,-0.5622933345526601
17,-26.006389,29.253889,2014-11-18,0.2116442463507449,0.0758755412793824,0.1174720389752209,0.1899075509621052,0.1127034505974088,0.2015120685935811,0.123493249160037,0.1631518550431919,-0.2832464009923471,-0.1146660657062103,0.1523154914080114,0.163766762689609,0.1039386700511167,0.1088320654129302,0.1952444697696499,0.1425765832399518,-0.2935198243643702,-0.1365959308551293,0.150772314470135,0.1030288011423866,0.0107466592573096,0.0088771097641457,0.0290357877913749,0.0249024236306551,0.0028143182993652,0.0047981370875447,0.017223126370401,0.0162623057772417,0.0330395053290797,0.0318335717713837,0.0195765081629513,0.0162801656911489,0.9835703762220976,-0.2823603804737415,0.186787441445572,0.759678627967086,-0.5042947978362832,-0.2030247713207906,0.2177002947075502,-0.4566321451311097,0.1948080100486652
18,-26.006389,29.253889,2015-07-21,0.249931150951084,0.069379953954108,0.1135557510956237,0.1662801693978837,0.1090435525864906,0.1907383822865739,0.1178001488768421,0.1607265763700331,-0.2848714777905063,-0.115979150069784,0.1371762558244831,0.1555603176399847,0.1021444890712593,0.1028420038372333,0.189864343081178,0.1289027939084773,-0.2855849610744863,-0.1251322277815263,0.1531143449845801,0.1021426460879908,0.0107466592573096,0.0088771097641457,0.0290357877913749,0.0249024236306551,0.0028143182993652,0.0047981370875447,0.017223126370401,0.0162623057772417,0.0330395053290797,0.0318335717713837,0.0195765081629513,0.0162801656911489,-0.4295470091132586,0.9657452849293368,-0.0714251494826616,-0.1846682653800757,0.2323839799509622,0.6664865994633988,-0.9671112661657972,0.2264185113701508,-0.899735483275411
19,-26.006389,29.253889,2015-08-19,0.249931150951084,0.069379953954108,0.1135557510956237,0.1662801693978837,0.1090435525864906,0.1907383822865739,0.1178001488768421,0.1607265763700331,-0.2848714777905063,-0.115979150069784,0.1371762558244831,0.1555603176399847,0.1021444890712593,0.1028420038372333,0.189864343081178,0.1289027939084773,-0.2855849610744863,-0.1251322277815263,0.1531143449845801,0.1021426460879908,0.0107466592573096,0.0088771097641457,0.0290357877913749,0.0249024236306551,0.0028143182993652,0.0047981370875447,0.017223126370401,0.0162623057772417,0.0330395053290797,0.0318335717713837,0.0195765081629513,0.0162801656911489,-0.3941844119069741,1.0022300656683958,-0.0655450508253152,-0.1674396114275168,0.1245644345247948,0.7107007511128113,-0.9460704030824978,0.1740791794377736,-0.9470749587167848
20,-26.006389,29.253889,2015-09-08,0.249931150951084,0.069379953954108,0.1135557510956237,0.1662801693978837,0.1090435525864906,0.1907383822865739,0.1178001488768421,0.1607265763700331,-0.2848714777905063,-0.115979150069784,0.1371762558244831,0.1555603176399847,0.1021444890712593,0.1028420038372333,0.189864343081178,0.1289027939084773,-0.2855849610744863,-0.1251322277815263,0.1531143449845801,0.1021426460879908,0.0107466592573096,0.0088771097641457,0.0290357877913749,0.0249024236306551,0.0028143182993652,0.0047981370875447,0.017223126370401,0.0162623057772417,0.0330395053290797,0.0318335717713837,0.0195765081629513,0.0162801656911489,-0.3048103612811059,0.7137569249949275,-0.0506839185385334,-0.2050271397318244,0.2981952648634125,0.5507446187756039,-0.9357007579141354,0.1919314312110742,-0.96230801760035
21,-26.006389,29.253889,2015-10-21,0.249931150951084,0.069379953954108,0.1135557510956237,0.1662801693978837,0.1090435525864906,0.1907383822865739,0.1178001488768421,0.1607265763700331,-0.2848714777905063,-0.115979150069784,0.1371762558244831,0.1555603176399847,0.1021444890712593,0.1028420038372333,0.189864343081178,0.1289027939084773,-0.2855849610744863,-0.1251322277815263,0.1531143449845801,0.1021426460879908,0.0107466592573096,0.0088771097641457,0.0290357877913749,0.0249024236306551,0.0028143182993652,0.0047981370875447,0.017223126370401,0.0162623057772417,0.0330395053290797,0.0318335717713837,0.0195765081629513,0.0162801656911489,-0.9720841890667098,-0.3267567674213579,-0.1616383237242253,-0.5286308160885083,0.7085643233382852,-0.4401770620448737,0.1352884724600264,0.7433526687370806,0.1209694430300606
0,-27.802778,28.768333,2011-01-18,0.1384728346231273,0.0362598543933746,0.0716579752493363,0.1560295241717095,0.1029084096084692,0.1467408485754401,0.0230740923706495,0.046686310951705,-0.2530005784109838,-0.0237125758048537,0.1881190711777354,0.2065343954398582,0.1076951067098372,0.1104282746888348,0.1686900107046498,0.0219818910621627,-0.2806155612110962,-0.022067621350536,0.2195791935975791,0.1122272745411886,0.0,0.0,1.1746611120953146e-06,8.78373847111292e-07,0.1240349097012165,0.1145251056214658,0.0,0.0,1.3714780271070666e-06,1.5021428079392373e-06,0.1584026767582481,0.1488142732846559,0.5942562942956992,0.9146721188503754,0.0927215268944269,0.449206725458189,-0.1450895770298115,0.8460687996333984,-0.8175967293921211,-0.0338123231787158,-0.8049210233297216
1,-27.802778,28.768333,2011-02-01,0.1384728346231273,0.0362598543933746,0.0716579752493363,0.1560295241717095,0.1029084096084692,0.1467408485754401,0.0230740923706495,0.046686310951705,-0.2530005784109838,-0.0237125758048537,0.1881190711777354,0.2065343954398582,0.1076951067098372,0.1104282746888348,0.1686900107046498,0.0219818910621627,-0.2806155612110962,-0.022067621350536,0.2195791935975791,0.1122272745411886,0.0,0.0,1.1746611120953146e-06,8.78373847111292e-07,0.1240349097012165,0.1145251056214658,0.0,0.0,1.3714780271070666e-06,1.5021428079392373e-06,0.1584026767582481,0.1488142732846559,0.5942562942956992,0.9146721188503754,0.0927215268944269,0.449206725458189,-0.1450895770298115,0.8460687996333984,-0.8175967293921211,-0.0338123231787158,-0.8049210233297216
2,-27.802778,28.768333,2011-02-15,0.1384728346231273,0.0362598543933746,0.0716579752493363,0.1560295241717095,0.1029084096084692,0.1467408485754401,0.0230740923706495,0.046686310951705,-0.2530005784109838,-0.0237125758048537,0.1881190711777354,0.2065343954398582,0.1076951067098372,0.1104282746888348,0.1686900107046498,0.0219818910621627,-0.2806155612110962,-0.022067621350536,0.2195791935975791,0.1122272745411886,0.0,0.0,1.1746611120953146e-06,8.78373847111292e-07,0.1240349097012165,0.1145251056214658,0.0,0.0,1.3714780271070666e-06,1.5021428079392373e-06,0.1584026767582481,0.1488142732846559,0.5422007154888042,-0.4109330633867126,0.0845993196974986,0.9754751221139196,-0.3849750744212694,-0.3391964904200243,0.4760798181452355,-0.3353978988153044,0.5976949464337515
3,-27.802778,28.768333,2011-03-02,0.1384728346231273,0.0362598543933746,0.0716579752493363,0.1560295241717095,0.1029084096084692,0.1467408485754401,0.0230740923706495,0.046686310951705,-0.2530005784109838,-0.0237125758048537,0.1881190711777354,0.2065343954398582,0.1076951067098372,0.1104282746888348,0.1686900107046498,0.0219818910621627,-0.2806155612110962,-0.022067621350536,0.2195791935975791,0.1122272745411886,0.0,0.0,1.1746611120953146e-06,8.78373847111292e-07,0.1240349097012165,0.1145251056214658,0.0,0.0,1.3714780271070666e-06,1.5021428079392373e-06,0.1584026767582481,0.1488142732846559,0.5422007154888042,-0.4109330633867126,0.0845993196974986,0.9754751221139196,-0.3849750744212694,-0.3391964904200243,0.4760798181452355,-0.3353978988153044,0.5976949464337515
4,-27.802778,28.768333,2011-03-08,0.1384728346231273,0.0362598543933746,0.0716579752493363,0.1560295241717095,0.1029084096084692,0.1467408485754401,0.0230740923706495,0.046686310951705,-0.2530005784109838,-0.0237125758048537,0.1881190711777354,0.2065343954398582,0.1076951067098372,0.1104282746888348,0.1686900107046498,0.0219818910621627,-0.2806155612110962,-0.022067621350536,0.2195791935975791,0.1122272745411886,0.0,0.0,1.1746611120953146e-06,8.78373847111292e-07,0.1240349097012165,0.1145251056214658,0.0,0.0,1.3714780271070666e-06,1.5021428079392373e-06,0.1584026767582481,0.1488142732846559,0.5422007154888042,-0.4109330633867126,0.0845993196974986,0.9754751221139196,-0.3849750744212694,-0.3391964904200243,0.4760798181452355,-0.3353978988153044,0.5976949464337515
5,-27.802778,28.768333,2011-04-01,0.1384728346231273,0.0362598543933746,0.0716579752493363,0.1560295241717095,0.1029084096084692,0.1467408485754401,0.0230740923706495,0.046686310951705,-0.2530005784109838,-0.0237125758048537,0.1881190711777354,0.2065343954398582,0.1076951067098372,0.1104282746888348,0.1686900107046498,0.0219818910621627,-0.2806155612110962,-0.022067621350536,0.2195791935975791,0.1122272745411886,0.0,0.0,1.1746611120953146e-06,8.78373847111292e-07,0.1240349097012165,0.1145251056214658,0.0,0.0,1.3714780271070666e-06,1.5021428079392373e-06,0.1584026767582481,0.1488142732846559,0.0279540747385211,-0.3338985491900355,0.0043616609829072,0.7932388408927296,-0.308436840796378,0.0116623863461071,0.0814675207708366,-0.2847256973187132,0.2495387443708233
6,-27.802778,28.768333,2011-04-12,0.1384728346231273,0.0362598543933746,0.0716579752493363,0.1560295241717095,0.1029084096084692,0.1467408485754401,0.0230740923706495,0.046686310951705,-0.2530005784109838,-0.0237125758048537,0.1881190711777354,0.2065343954398582,0.1076951067098372,0.1104282746888348,0.1686900107046498,0.0219818910621627,-0.2806155612110962,-0.022067621350536,0.2195791935975791,0.1122272745411886,0.0,0.0,1.1746611120953146e-06,8.78373847111292e-07,0.1240349097012165,0.1145251056214658,0.0,0.0,1.3714780271070666e-06,1.5021428079392373e-06,0.1584026767582481,0.1488142732846559,0.0279540747385211,-0.3338985491900355,0.0043616609829072,0.7932388408927296,-0.308436840796378,0.0116623863461071,0.0814675207708366,-0.2847256973187132,0.2495387443708233
7,-27.802778,28.768333,2011-04-19,0.1384728346231273,0.0362598543933746,0.0716579752493363,0.1560295241717095,0.1029084096084692,0.1467408485754401,0.0230740923706495,0.046686310951705,-0.2530005784109838,-0.0237125758048537,0.1881190711777354,0.2065343954398582,0.1076951067098372,0.1104282746888348,0.1686900107046498,0.0219818910621627,-0.2806155612110962,-0.022067621350536,0.2195791935975791,0.1122272745411886,0.0,0.0,1.1746611120953146e-06,8.78373847111292e-07,0.1240349097012165,0.1145251056214658,0.0,0.0,1.3714780271070666e-06,1.5021428079392373e-06,0.1584026767582481,0.1488142732846559,0.0279540747385211,-0.3338985491900355,0.0043616609829072,0.7932388408927296,-0.308436840796378,0.0116623863461071,0.0814675207708366,-0.2847256973187132,0.2495387443708233
8,-27.802778,28.768333,2011-05-04,0.1384728346231273,0.0362598543933746,0.0716579752493363,0.1560295241717095,0.1029084096084692,0.1467408485754401,0.0230740923706495,0.046686310951705,-0.2530005784109838,-0.0237125758048537,0.1881190711777354,0.2065343954398582,0.1076951067098372,0.1104282746888348,0.1686900107046498,0.0219818910621627,-0.2806155612110962,-0.022067621350536,0.2195791935975791,0.1122272745411886,0.0,0.0,1.1746611120953146e-06,8.78373847111292e-07,0.1240349097012165,0.1145251056214658,0.0,0.0,1.3714780271070666e-06,1.5021428079392373e-06,0.1584026767582481,0.1488142732846559,0.0279540747385211,-0.3338985491900355,0.0043616609829072,0.7932388408927296,-0.308436840796378,0.0116623863461071,0.0814675207708366,-0.2847256973187132,0.2495387443708233
9,-27.802778,28.768333,2011-05-24,0.1384728346231273,0.0362598543933746,0.0716579752493363,0.1560295241717095,0.1029084096084692,0.1467408485754401,0.0230740923706495,0.046686310951705,-0.2530005784109838,-0.0237125758048537,0.1881190711777354,0.2065343954398582,0.1076951067098372,0.1104282746888348,0.1686900107046498,0.0219818910621627,-0.2806155612110962,-0.022067621350536,0.2195791935975791,0.1122272745411886,0.0,0.0,1.1746611120953146e-06,8.78373847111292e-07,0.1240349097012165,0.1145251056214658,0.0,0.0,1.3714780271070666e-06,1.5021428079392373e-06,0.1584026767582481,0.1488142732846559,0.0279540747385211,-0.3338985491900355,0.0043616609829072,0.7932388408927296,-0.308436840796378,0.0116623863461071,0.0814675207708366,-0.2847256973187132,0.2495387443708233
10,-27.802778,28.768333,2011-05-31,0.1384728346231273,0.0362598543933746,0.0716579752493363,0.1560295241717095,0.1029084096084692,0.1467408485754401,0.0230740923706495,0.046686310951705,-0.2530005784109838,-0.0237125758048537,0.1881190711777354,0.2065343954398582,0.1076951067098372,0.1104282746888348,0.1686900107046498,0.0219818910621627,-0.2806155612110962,-0.022067621350536,0.2195791935975791,0.1122272745411886,0.0,0.0,1.1746611120953146e-06,8.78373847111292e-07,0.1240349097012165,0.1145251056214658,0.0,0.0,1.3714780271070666e-06,1.5021428079392373e-06,0.1584026767582481,0.1488142732846559,0.0279540747385211,-0.3338985491900355,0.0043616609829072,0.7932388408927296,-0.308436840796378,0.0116623863461071,0.0814675207708366,-0.2847256973187132,0.2495387443708233
11,-27.802778,28.768333,2011-08-02,0.1384728346231273,0.0362598543933746,0.0716579752493363,0.1560295241717095,0.1029084096084692,0.1467408485754401,0.0230740923706495,0.046686310951705,-0.2530005784109838,-0.0237125758048537,0.1881190711777354,0.2065343954398582,0.1076951067098372,0.1104282746888348,0.1686900107046498,0.0219818910621627,-0.2806155612110962,-0.022067621350536,0.2195791935975791,0.1122272745411886,0.0,0.0,1.1746611120953146e-06,8.78373847111292e-07,0.1240349097012165,0.1145251056214658,0.0,0.0,1.3714780271070666e-06,1.5021428079392373e-06,0.1584026767582481,0.1488142732846559,,-2.327012791111007,,-0.7800423826183718,1.226559277112647,-0.437659979857763,0.2147328286183757,1.2540228220078091,0.1980483102720636
12,-27.802778,28.768333,2011-08-17,0.1384728346231273,0.0362598543933746,0.0716579752493363,0.1560295241717095,0.1029084096084692,0.1467408485754401,0.0230740923706495,0.046686310951705,-0.2530005784109838,-0.0237125758048537,0.1881190711777354,0.2065343954398582,0.1076951067098372,0.1104282746888348,0.1686900107046498,0.0219818910621627,-0.2806155612110962,-0.022067621350536,0.2195791935975791,0.1122272745411886,0.0,0.0,1.1746611120953146e-06,8.78373847111292e-07,0.1240349097012165,0.1145251056214658,0.0,0.0,1.3714780271070666e-06,1.5021428079392373e-06,0.1584026767582481,0.1488142732846559,-0.5190220324968601,0.3004175667069048,-0.0809827608170208,-0.1599652790357663,0.1576987641206015,1.221288101547954,-1.2073939402772818,0.1969419246097463,-1.147848304660468
13,-27.802778,28.768333,2011-09-13,0.1384728346231273,0.0362598543933746,0.0716579752493363,0.1560295241717095,0.1029084096084692,0.1467408485754401,0.0230740923706495,0.046686310951705,-0.2530005784109838,-0.0237125758048537,0.1881190711777354,0.2065343954398582,0.1076951067098372,0.1104282746888348,0.1686900107046498,0.0219818910621627,-0.2806155612110962,-0.022067621350536,0.2195791935975791,0.1122272745411886,0.0,0.0,1.1746611120953146e-06,8.78373847111292e-07,0.1240349097012165,0.1145251056214658,0.0,0.0,1.3714780271070666e-06,1.5021428079392373e-06,0.1584026767582481,0.1488142732846559,0.0692871517927637,1.6262141042213172,0.0108108413323666,-0.1856192811275882,0.2461836055334887,1.0671830411001515,-1.1143588363912842,0.320321302466478,-0.9835833376199102
14,-27.802778,28.768333,2011-09-28,0.1384728346231273,0.0362598543933746,0.0716579752493363,0.1560295241717095,0.1029084096084692,0.1467408485754401,0.0230740923706495,0.046686310951705,-0.2530005784109838,-0.0237125758048537,0.1881190711777354,0.2065343954398582,0.1076951067098372,0.1104282746888348,0.1686900107046498,0.0219818910621627,-0.2806155612110962,-0.022067621350536,0.2195791935975791,0.1122272745411886,0.0,0.0,1.1746611120953146e-06,8.78373847111292e-07,0.1240349097012165,0.1145251056214658,0.0,0.0,1.3714780271070666e-06,1.5021428079392373e-06,0.1584026767582481,0.1488142732846559,0.0692871517927637,1.6262141042213172,0.0108108413323666,-0.1856192811275882,0.2461836055334887,1.0671830411001515,-1.1143588363912842,0.320321302466478,-0.9835833376199102
15,-27.802778,28.768333,2012-06-21,0.0522576555589165,0.0164800965175455,0.027517887262845,0.1442395549831227,0.100760813228558,0.1391498905212705,0.0634166805073554,0.0799070091523967,-0.2098151574756027,-0.063718806761973,0.1662427876132676,0.1806651240628382,0.1065598239911052,0.1118229662782497,0.1509169603909854,0.0562132408048974,-0.2276515502832538,-0.0562631270400818,0.1933407672760201,0.1155215696892568,0.0,0.0,1.1746611120953146e-06,8.78373847111292e-07,0.1240349097012165,0.1145251056214658,0.0,0.0,1.3714780271070666e-06,1.5021428079392373e-06,0.1584026767582481,0.1488142732846559,0.4979735947583069,1.5819283881402342,0.0718274897510814,-0.0615243950971747,-0.1825101787971067,1.1217721389524085,-1.0555559959026874,-0.1196689174142899,-0.9809216521467908
16,-27.802778,28.768333,2012-07-24,0.0522576555589165,0.0164800965175455,0.027517887262845,0.1442395549831227,0.100760813228558,0.1391498905212705,0.0634166805073554,0.0799070091523967,-0.2098151574756027,-0.063718806761973,0.1662427876132676,0.1806651240628382,0.1065598239911052,0.1118229662782497,0.1509169603909854,0.0562132408048974,-0.2276515502832538,-0.0562631270400818,0.1933407672760201,0.1155215696892568,0.0,0.0,1.1746611120953146e-06,8.78373847111292e-07,0.1240349097012165,0.1145251056214658,0.0,0.0,1.3714780271070666e-06,1.5021428079392373e-06,0.1584026767582481,0.1488142732846559,0.0631771078580096,0.8092149997615116,0.0091126379288777,-0.1448381246405852,-0.0486611557478649,1.1320999579893585,-1.1182115939950987,-0.0311789392643367,-1.0464232334230137
17,-27.802778,28.768333,2012-08-09,0.0522576555589165,0.0164800965175455,0.027517887262845,0.1442395549831227,0.100760813228558,0.1391498905212705,0.0634166805073554,0.0799070091523967,-0.2098151574756027,-0.063718806761973,0.1662427876132676,0.1806651240628382,0.1065598239911052,0.1118229662782497,0.1509169603909854,0.0562132408048974,-0.2276515502832538,-0.0562631270400818,0.1933407672760201,0.1155215696892568,0.0,0.0,1.1746611120953146e-06,8.78373847111292e-07,0.1240349097012165,0.1145251056214658,0.0,0.0,1.3714780271070666e-06,1.5021428079392373e-06,0.1584026767582481,0.1488142732846559,0.0631771078580096,0.8092149997615116,0.0091126379288777,-0.1448381246405852,-0.0486611557478649,1.1320999579893585,-1.1182115939950987,-0.0311789392643367,-1.0464232334230137
18,-27.802778,28.768333,2012-08-22,0.0522576555589165,0.0164800965175455,0.027517887262845,0.1442395549831227,0.100760813228558,0.1391498905212705,0.0634166805073554,0.0799070091523967,-0.2098151574756027,-0.063718806761973,0.1662427876132676,0.1806651240628382,0.1065598239911052,0.1118229662782497,0.1509169603909854,0.0562132408048974,-0.2276515502832538,-0.0562631270400818,0.1933407672760201,0.1155215696892568,0.0,0.0,1.1746611120953146e-06,8.78373847111292e-07,0.1240349097012165,0.1145251056214658,0.0,0.0,1.3714780271070666e-06,1.5021428079392373e-06,0.1584026767582481,0.1488142732846559,0.0631771078580096,0.8092149997615116,0.0091126379288777,-0.1448381246405852,-0.0486611557478649,1.1320999579893585,-1.1182115939950987,-0.0311789392643367,-1.0464232334230137
19,-27.802778,28.768333,2012-09-18,0.0522576555589165,0.0164800965175455,0.027517887262845,0.1442395549831227,0.100760813228558,0.1391498905212705,0.0634166805073554,0.0799070091523967,-0.2098151574756027,-0.063718806761973,0.1662427876132676,0.1806651240628382,0.1065598239911052,0.1118229662782497,0.1509169603909854,0.0562132408048974,-0.2276515502832538,-0.0562631270400818,0.1933407672760201,0.1155215696892568,0.0,0.0,1.1746611120953146e-06,8.78373847111292e-07,0.1240349097012165,0.1145251056214658,0.0,0.0,1.3714780271070666e-06,1.5021428079392373e-06,0.1584026767582481,0.1488142732846559,-0.0752450169182353,0.2318129050198695,-0.0108533077625083,-0.236249100190448,0.193403541680131,0.5326123213638914,-0.5630323374519147,0.1856666091527034,-0.5761279875244143
20,-27.802778,28.768333,2012-09-26,0.0522576555589165,0.0164800965175455,0.027517887262845,0.1442395549831227,0.100760813228558,0.1391498905212705,0.0634166805073554,0.0799070091523967,-0.2098151574756027,-0.063718806761973,0.1662427876132676,0.1806651240628382,0.1065598239911052,0.1118229662782497,0.1509169603909854,0.0562132408048974,-0.2276515502832538,-0.0562631270400818,0.1933407672760201,0.1155215696892568,0.0,0.0,1.1746611120953146e-06,8.78373847111292e-07,0.1240349097012165,0.1145251056214658,0.0,0.0,1.3714780271070666e-06,1.5021428079392373e-06,0.1584026767582481,0.1488142732846559,0.2291461123652887,1.2460651165258478,0.0330519332965964,-0.120737331075666,0.113283578032473,0.9040614562074138,-1.030380331182617,0.1115301402552479,-0.926333656523974
21,-27.802778,28.768333,2012-10-02,0.0522576555589165,0.0164800965175455,0.027517887262845,0.1442395549831227,0.100760813228558,0.1391498905212705,0.0634166805073554,0.0799070091523967,-0.2098151574756027,-0.063718806761973,0.1662427876132676,0.1806651240628382,0.1065598239911052,0.1118229662782497,0.1509169603909854,0.0562132408048974,-0.2276515502832538,-0.0562631270400818,0.1933407672760201,0.1155215696892568,0.0,0.0,1.1746611120953146e-06,8.78373847111292e-07,0.1240349097012165,0.1145251056214658,0.0,0.0,1.3714780271070666e-06,1.5021428079392373e-06,0.1584026767582481,0.1488142732846559,0.0995922680007967,0.7968391836366404,0.014365144426154,0.014921302871715,-0.0326779785226972,1.0059806384218406,-1.0691463525111375,-0.058027762748802,-0.9705007049072468
22,-27.802778,28.768333,2012-10-09,0.0522576555589165,0.0164800965175455,0.027517887262845,0.1442395549831227,0.100760813228558,0.1391498905212705,0.0634166805073554,0.0799070091523967,-0.2098151574756027,-0.063718806761973,0.1662427876132676,0.1806651240628382,0.1065598239911052,0.1118229662782497,0.1509169603909854,0.0562132408048974,-0.2276515502832538,-0.0562631270400818,0.1933407672760201,0.1155215696892568,0.0,0.0,1.1746611120953146e-06,8.78373847111292e-07,0.1240349097012165,0.1145251056214658,0.0,0.0,1.3714780271070666e-06,1.5021428079392373e-06,0.1584026767582481,0.1488142732846559,0.0995922680007967,0.7968391836366404,0.014365144426154,0.014921302871715,-0.0326779785226972,1.0059806384218406,-1.0691463525111375,-0.058027762748802,-0.9705007049072468
23,-27.802778,28.768333,2012-10-17,0.0522576555589165,0.0164800965175455,0.027517887262845,0.1442395549831227,0.100760813228558,0.1391498905212705,0.0634166805073554,0.0799070091523967,-0.2098151574756027,-0.063718806761973,0.1662427876132676,0.1806651240628382,0.1065598239911052,0.1118229662782497,0.1509169603909854,0.0562132408048974,-0.2276515502832538,-0.0562631270400818,0.1933407672760201,0.1155215696892568,0.0,0.0,1.1746611120953146e-06,8.78373847111292e-07,0.1240349097012165,0.1145251056214658,0.0,0.0,1.3714780271070666e-06,1.5021428079392373e-06,0.1584026767582481,0.1488142732846559,0.0995922680007967,0.7968391836366404,0.014365144426154,0.014921302871715,-0.0326779785226972,1.0059806384218406,-1.0691463525111375,-0.058027762748802,-0.9705007049072468
24,-27.802778,28.768333,2012-10-23,0.0522576555589165,0.0164800965175455,0.027517887262845,0.1442395549831227,0.100760813228558,0.1391498905212705,0.0634166805073554,0.0799070091523967,-0.2098151574756027,-0.063718806761973,0.1662427876132676,0.1806651240628382,0.1065598239911052,0.1118229662782497,0.1509169603909854,0.0562132408048974,-0.2276515502832538,-0.0562631270400818,0.1933407672760201,0.1155215696892568,0.0,0.0,1.1746611120953146e-06,8.78373847111292e-07,0.1240349097012165,0.1145251056214658,0.0,0.0,1.3714780271070666e-06,1.5021428079392373e-06,0.1584026767582481,0.1488142732846559,0.0995922680007967,0.7968391836366404,0.014365144426154,0.014921302871715,-0.0326779785226972,1.0059806384218406,-1.0691463525111375,-0.058027762748802,-0.9705007049072468
25,-27.802778,28.768333,2012-11-28,0.0522576555589165,0.0164800965175455,0.027517887262845,0.1442395549831227,0.100760813228558,0.1391498905212705,0.0634166805073554,0.0799070091523967,-0.2098151574756027,-0.063718806761973,0.1662427876132676,0.1806651240628382,0.1065598239911052,0.1118229662782497,0.1509169603909854,0.0562132408048974,-0.2276515502832538,-0.0562631270400818,0.1933407672760201,0.1155215696892568,0.0,0.0,1.1746611120953146e-06,8.78373847111292e-07,0.1240349097012165,0.1145251056214658,0.0,0.0,1.3714780271070666e-06,1.5021428079392373e-06,0.1584026767582481,0.1488142732846559,0.3229300031473183,0.3033417093968306,0.0465792799769606,0.533943902587609,-0.2498870757588974,0.2348804591518058,-0.2729546213241604,-0.2466074957315294,-0.1759530185794147
26,-27.802778,28.768333,2013-01-16,0.2186486609431696,0.1520516348390322,0.2041729112115897,0.1334456613582268,0.0990067453040027,0.2428733873096327,0.1610452437517621,0.2071562196514484,-0.388224347798255,-0.160987930655111,0.1602734495780811,0.1755114779155404,0.104488337074418,0.1006856241398955,0.2475069002501571,0.1509222037464729,-0.3964851119389206,-0.1508439457060693,0.1821870583969995,0.1088619163306095,0.0,0.0,1.1746611120953146e-06,8.78373847111292e-07,0.1240349097012165,0.1145251056214658,0.0,0.0,1.3714780271070666e-06,1.5021428079392373e-06,0.1584026767582481,0.1488142732846559,-0.712514216439628,-1.8799593236315064,-0.0950819309111763,0.4351444496162329,0.4059641499827746,-1.7544631668499713,1.7153858858484454,0.3021806736975556,1.5901995337236103
27,-27.802778,28.768333,2013-06-12,0.2186486609431696,0.1520516348390322,0.2041729112115897,0.1334456613582268,0.0990067453040027,0.2428733873096327,0.1610452437517621,0.2071562196514484,-0.388224347798255,-0.160987930655111,0.1602734495780811,0.1755114779155404,0.104488337074418,0.1006856241398955,0.2475069002501571,0.1509222037464729,-0.3964851119389206,-0.1508439457060693,0.1821870583969995,0.1088619163306095,0.0,0.0,1.1746611120953146e-06,8.78373847111292e-07,0.1240349097012165,0.1145251056214658,0.0,0.0,1.3714780271070666e-06,1.5021428079392373e-06,0.1584026767582481,0.1488142732846559,-1.1265049822772235,-1.166485827877807,-0.1503272024959722,-0.6982698229693475,0.9623918666934406,-0.6134495681386897,0.3129889055874509,0.9196358571377572,0.1961560121925152
28,-27.802778,28.768333,2013-09-10,0.2186486609431696,0.1520516348390322,0.2041729112115897,0.1334456613582268,0.0990067453040027,0.2428733873096327,0.1610452437517621,0.2071562196514484,-0.388224347798255,-0.160987930655111,0.1602734495780811,0.1755114779155404,0.104488337074418,0.1006856241398955,0.2475069002501571,0.1509222037464729,-0.3964851119389206,-0.1508439457060693,0.1821870583969995,0.1088619163306095,0.0,0.0,1.1746611120953146e-06,8.78373847111292e-07,0.1240349097012165,0.1145251056214658,0.0,0.0,1.3714780271070666e-06,1.5021428079392373e-06,0.1584026767582481,0.1488142732846559,-0.0247378481566003,0.4136065682472134,-0.0033011585103107,-0.1068550010650123,0.0625858036093519,0.3322168618014626,-0.3239606014615476,0.0952722625482484,-0.3024907157130891
29,-27.802778,28.768333,2013-10-02,0.2186486609431696,0.1520516348390322,0.2041729112115897,0.1334456613582268,0.0990067453040027,0.2428733873096327,0.1610452437517621,0.2071562196514484,-0.388224347798255,-0.160987930655111,0.1602734495780811,0.1755114779155404,0.104488337074418,0.1006856241398955,0.2475069002501571,0.1509222037464729,-0.3964851119389206,-0.1508439457060693,0.1821870583969995,0.1088619163306095,0.0,0.0,1.1746611120953146e-06,8.78373847111292e-07,0.1240349097012165,0.1145251056214658,0.0,0.0,1.3714780271070666e-06,1.5021428079392373e-06,0.1584026767582481,0.1488142732846559,0.0390847780597405,0.3779046263502658,0.00521569406113,-0.0194501786497324,0.0442544062512456,0.3772355666008067,-0.4318556414440254,0.0834326311659346,-0.4675243844889423
30,-27.802778,28.768333,2013-10-29,0.2186486609431696,0.1520516348390322,0.2041729112115897,0.1334456613582268,0.0990067453040027,0.2428733873096327,0.1610452437517621,0.2071562196514484,-0.388224347798255,-0.160987930655111,0.1602734495780811,0.1755114779155404,0.104488337074418,0.1006856241398955,0.2475069002501571,0.1509222037464729,-0.3964851119389206,-0.1508439457060693,0.1821870583969995,0.1088619163306095,0.0,0.0,1.1746611120953146e-06,8.78373847111292e-07,0.1240349097012165,0.1145251056214658,0.0,0.0,1.3714780271070666e-06,1.5021428079392373e-06,0.1584026767582481,0.1488142732846559,0.0975334889189741,0.2996581579521771,0.0130154209431211,0.0283891048088618,0.0205602761475337,0.3072587596580073,-0.3151888024583352,0.0466232418793228,-0.3219556445084695
31,-27.802778,28.768333,2014-02-11,0.2301210234677119,0.1188430954249696,0.1738739279153275,0.1562020830168235,0.0978884122509896,0.2569306255136162,0.1327846234428558,0.1834493462854347,-0.4090481040927594,-0.1325352056058644,0.1730136056851049,0.176971405716959,0.1009175049306349,0.0964192701446498,0.2620834697145408,0.1150836808104208,-0.4201363639723364,-0.1150490157170813,0.1844011205695361,0.1044935870598739,0.0,0.0,1.1746611120953146e-06,8.78373847111292e-07,0.1240349097012165,0.1145251056214658,0.0,0.0,1.3714780271070666e-06,1.5021428079392373e-06,0.1584026767582481,0.1488142732846559,1.7517441836080954,-1.4727608694285133,0.2736260905673639,1.7704918428299878,-0.7841339682571281,-1.7409685233060206,2.0634144144690487,-0.9215643868655752,2.2193743569612736
32,-27.802778,28.768333,2014-06-25,0.2301210234677119,0.1188430954249696,0.1738739279153275,0.1562020830168235,0.0978884122509896,0.2569306255136162,0.1327846234428558,0.1834493462854347,-0.4090481040927594,-0.1325352056058644,0.1730136056851049,0.176971405716959,0.1009175049306349,0.0964192701446498,0.2620834697145408,0.1150836808104208,-0.4201363639723364,-0.1150490157170813,0.1844011205695361,0.1044935870598739,0.0,0.0,1.1746611120953146e-06,8.78373847111292e-07,0.1240349097012165,0.1145251056214658,0.0,0.0,1.3714780271070666e-06,1.5021428079392373e-06,0.1584026767582481,0.1488142732846559,0.1662305805345626,0.4719151192375986,0.0259655629572175,0.0459631831127464,-0.07906841068452,0.3748998368758129,-0.331918682380652,-0.0628789718285643,-0.2967138851723147
33,-27.802778,28.768333,2014-09-03,0.2301210234677119,0.1188430954249696,0.1738739279153275,0.1562020830168235,0.0978884122509896,0.2569306255136162,0.1327846234428558,0.1834493462854347,-0.4090481040927594,-0.1325352056058644,0.1730136056851049,0.176971405716959,0.1009175049306349,0.0964192701446498,0.2620834697145408,0.1150836808104208,-0.4201363639723364,-0.1150490157170813,0.1844011205695361,0.1044935870598739,0.0,0.0,1.1746611120953146e-06,8.78373847111292e-07,0.1240349097012165,0.1145251056214658,0.0,0.0,1.3714780271070666e-06,1.5021428079392373e-06,0.1584026767582481,0.1488142732846559,-0.9434892685447968,-0.4708289652143484,-0.1473749891450654,-0.8525651111126624,1.1127426180536564,-0.2686154809055738,-0.0034936284200317,1.1052050893769254,-0.1015182172523828
34,-27.802778,28.768333,2014-09-16,0.2301210234677119,0.1188430954249696,0.1738739279153275,0.1562020830168235,0.0978884122509896,0.2569306255136162,0.1327846234428558,0.1834493462854347,-0.4090481040927594,-0.1325352056058644,0.1730136056851049,0.176971405716959,0.1009175049306349,0.0964192701446498,0.2620834697145408,0.1150836808104208,-0.4201363639723364,-0.1150490157170813,0.1844011205695361,0.1044935870598739,0.0,0.0,1.1746611120953146e-06,8.78373847111292e-07,0.1240349097012165,0.1145251056214658,0.0,0.0,1.3714780271070666e-06,1.5021428079392373e-06,0.1584026767582481,0.1488142732846559,-0.5036550810655552,0.3509965754036271,-0.0786719728348123,-0.8745958478388417,1.1886250161817034,-0.3814620913422322,0.0313003589464578,1.1676928455638418,-0.060583784878329
35,-27.802778,28.768333,2014-10-14,0.2301210234677119,0.1188430954249696,0.1738739279153275,0.1562020830168235,0.0978884122509896,0.2569306255136162,0.1327846234428558,0.1834493462854347,-0.4090481040927594,-0.1325352056058644,0.1730136056851049,0.176971405716959,0.1009175049306349,0.0964192701446498,0.2620834697145408,0.1150836808104208,-0.4201363639723364,-0.1150490157170813,0.1844011205695361,0.1044935870598739,0.0,0.0,1.1746611120953146e-06,8.78373847111292e-07,0.1240349097012165,0.1145251056214658,0.0,0.0,1.3714780271070666e-06,1.5021428079392373e-06,0.1584026767582481,0.1488142732846559,-0.0290178173308603,0.5598355204760581,-0.0045326435145838,-0.0862104357847139,0.1738095514947382,0.4452442244946756,-0.4770009181670168,0.1549780079034231,-0.4395394781108724
36,-27.802778,28.768333,2014-10-28,0.2301210234677119,0.1188430954249696,0.1738739279153275,0.1562020830168235,0.0978884122509896,0.2569306255136162,0.1327846234428558,0.1834493462854347,-0.4090481040927594,-0.1325352056058644,0.1730136056851049,0.176971405716959,0.1009175049306349,0.0964192701446498,0.2620834697145408,0.1150836808104208,-0.4201363639723364,-0.1150490157170813,0.1844011205695361,0.1044935870598739,0.0,0.0,1.1746611120953146e-06,8.78373847111292e-07,0.1240349097012165,0.1145251056214658,0.0,0.0,1.3714780271070666e-06,1.5021428079392373e-06,0.1584026767582481,0.1488142732846559,0.2168155699639674,0.4692967157008183,0.0338670436805331,0.1968093544251376,0.0873891619212959,0.3384218895843645,-0.4516384422254679,0.0446607213929427,-0.3671045502865211
37,-27.802778,28.768333,2014-11-12,0.2301210234677119,0.1188430954249696,0.1738739279153275,0.1562020830168235,0.0978884122509896,0.2569306255136162,0.1327846234428558,0.1834493462854347,-0.4090481040927594,-0.1325352056058644,0.1730136056851049,0.176971405716959,0.1009175049306349,0.0964192701446498,0.2620834697145408,0.1150836808104208,-0.4201363639723364,-0.1150490157170813,0.1844011205695361,0.1044935870598739,0.0,0.0,1.1746611120953146e-06,8.78373847111292e-07,0.1240349097012165,0.1145251056214658,0.0,0.0,1.3714780271070666e-06,1.5021428079392373e-06,0.1584026767582481,0.1488142732846559,0.4278291689759253,0.3594095012003675,0.066827807412179,0.364622604009446,-4.903428322917569e-06,0.2580569338261395,-0.3815821246534951,-0.0523837778804044,-0.2694375699267858
38,-27.802778,28.768333,2015-03-10,0.2114841604849246,0.1815194530604474,0.2145097972727221,0.137907880796627,0.1046433986374135,0.2305595162618905,0.1855423810460146,0.2199908472601039,-0.3555312680727982,-0.1852087482490425,0.1635680086284101,0.1766786543394283,0.1165783457127698,0.1245049142216059,0.2375240732616745,0.171140195620337,-0.3686101059970974,-0.1710163650330838,0.186029804846502,0.1311378740436622,0.0,0.0,1.1746611120953146e-06,8.78373847111292e-07,0.1240349097012165,0.1145251056214658,0.0,0.0,1.3714780271070666e-06,1.5021428079392373e-06,0.1584026767582481,0.1488142732846559,-0.1836285391790711,-1.5296372515600078,-0.0253238227103289,0.2549643326545937,0.3497198125468156,-1.21976190741459,1.0615814887854769,0.2518795667642141,1.1562965409886767
39,-27.802778,28.768333,2015-03-17,0.2114841604849246,0.1815194530604474,0.2145097972727221,0.137907880796627,0.1046433986374135,0.2305595162618905,0.1855423810460146,0.2199908472601039,-0.3555312680727982,-0.1852087482490425,0.1635680086284101,0.1766786543394283,0.1165783457127698,0.1245049142216059,0.2375240732616745,0.171140195620337,-0.3686101059970974,-0.1710163650330838,0.186029804846502,0.1311378740436622,0.0,0.0,1.1746611120953146e-06,8.78373847111292e-07,0.1240349097012165,0.1145251056214658,0.0,0.0,1.3714780271070666e-06,1.5021428079392373e-06,0.1584026767582481,0.1488142732846559,-0.1836285391790711,-1.5296372515600078,-0.0253238227103289,0.2549643326545937,0.3497198125468156,-1.21976190741459,1.0615814887854769,0.2518795667642141,1.1562965409886767
40,-27.802778,28.768333,2015-05-05,0.2114841604849246,0.1815194530604474,0.2145097972727221,0.137907880796627,0.1046433986374135,0.2305595162618905,0.1855423810460146,0.2199908472601039,-0.3555312680727982,-0.1852087482490425,0.1635680086284101,0.1766786543394283,0.1165783457127698,0.1245049142216059,0.2375240732616745,0.171140195620337,-0.3686101059970974,-0.1710163650330838,0.186029804846502,0.1311378740436622,0.0,0.0,1.1746611120953146e-06,8.78373847111292e-07,0.1240349097012165,0.1145251056214658,0.0,0.0,1.3714780271070666e-06,1.5021428079392373e-06,0.1584026767582481,0.1488142732846559,1.0990872807156224,-0.2140310778294575,0.1515727978039277,0.902825044884348,-0.6492222804816455,-0.2872634306389386,0.2731425721377626,-0.6177172438909243,0.2414571537079867
41,-27.802778,28.768333,2015-05-13,0.2114841604849246,0.1815194530604474,0.2145097972727221,0.137907880796627,0.1046433986374135,0.2305595162618905,0.1855423810460146,0.2199908472601039,-0.3555312680727982,-0.1852087482490425,0.1635680086284101,0.1766786543394283,0.1165783457127698,0.1245049142216059,0.2375240732616745,0.171140195620337,-0.3686101059970974,-0.1710163650330838,0.186029804846502,0.1311378740436622,0.0,0.0,1.1746611120953146e-06,8.78373847111292e-07,0.1240349097012165,0.1145251056214658,0.0,0.0,1.3714780271070666e-06,1.5021428079392373e-06,0.1584026767582481,0.1488142732846559,0.2403370658005809,-0.4552715332045785,0.0331443754454713,-0.3908367641339445,0.7227564805801194,-0.9299539801541996,0.6468031565531649,0.7497150031092358,0.5261888426520934
42,-27.802778,28.768333,2015-06-03,0.2114841604849246,0.1815194530604474,0.2145097972727221,0.137907880796627,0.1046433986374135,0.2305595162618905,0.1855423810460146,0.2199908472601039,-0.3555312680727982,-0.1852087482490425,0.1635680086284101,0.1766786543394283,0.1165783457127698,0.1245049142216059,0.2375240732616745,0.171140195620337,-0.3686101059970974,-0.1710163650330838,0.186029804846502,0.1311378740436622,0.0,0.0,1.1746611120953146e-06,8.78373847111292e-07,0.1240349097012165,0.1145251056214658,0.0,0.0,1.3714780271070666e-06,1.5021428079392373e-06,0.1584026767582481,0.1488142732846559,-0.9781129144098132,-1.1989056246012029,-0.1348894793038813,-0.5139580970318185,0.7079855514143903,-0.58345891427532,0.3460132369100718,0.6829556131219131,0.2391567925607993
43,-27.802778,28.768333,2015-06-10,0.2114841604849246,0.1815194530604474,0.2145097972727221,0.137907880796627,0.1046433986374135,0.2305595162618905,0.1855423810460146,0.2199908472601039,-0.3555312680727982,-0.1852087482490425,0.1635680086284101,0.1766786543394283,0.1165783457127698,0.1245049142216059,0.2375240732616745,0.171140195620337,-0.3686101059970974,-0.1710163650330838,0.186029804846502,0.1311378740436622,0.0,0.0,1.1746611120953146e-06,8.78373847111292e-07,0.1240349097012165,0.1145251056214658,0.0,0.0,1.3714780271070666e-06,1.5021428079392373e-06,0.1584026767582481,0.1488142732846559,0.5864815895675366,-0.0124662319298797,0.0808804332021443,0.4288151661409465,-0.4989935979317889,-0.0327287807589402,0.12384749466287,-0.4578325659503635,0.1016154900037946
44,-27.802778,28.768333,2015-07-01,0.2114841604849246,0.1815194530604474,0.2145097972727221,0.137907880796627,0.1046433986374135,0.2305595162618905,0.1855423810460146,0.2199908472601039,-0.3555312680727982,-0.1852087482490425,0.1635680086284101,0.1766786543394283,0.1165783457127698,0.1245049142216059,0.2375240732616745,0.171140195620337,-0.3686101059970974,-0.1710163650330838,0.186029804846502,0.1311378740436622,0.0,0.0,1.1746611120953146e-06,8.78373847111292e-07,0.1240349097012165,0.1145251056214658,0.0,0.0,1.3714780271070666e-06,1.5021428079392373e-06,0.1584026767582481,0.1488142732846559,0.1801904604466074,0.3337833029161864,0.0248496845579791,0.0350138641769725,-0.0968809040386512,0.2427688746794154,-0.0858025622059187,-0.0667517482542914,-0.1123648857360883
45,-27.802778,28.768333,2015-07-02,0.2114841604849246,0.1815194530604474,0.2145097972727221,0.137907880796627,0.1046433986374135,0.2305595162618905,0.1855423810460146,0.2199908472601039,-0.3555312680727982,-0.1852087482490425,0.1635680086284101,0.1766786543394283,0.1165783457127698,0.1245049142216059,0.2375240732616745,0.171140195620337,-0.3686101059970974,-0.1710163650330838,0.186029804846502,0.1311378740436622,0.0,0.0,1.1746611120953146e-06,8.78373847111292e-07,0.1240349097012165,0.1145251056214658,0.0,0.0,1.3714780271070666e-06,1.5021428079392373e-06,0.1584026767582481,0.1488142732846559,0.1801904604466074,0.3337833029161864,0.0248496845579791,0.0350138641769725,-0.0968809040386512,0.2427688746794154,-0.0858025622059187,-0.0667517482542914,-0.1123648857360883
46,-27.802778,28.768333,2015-07-29,0.2114841604849246,0.1815194530604474,0.2145097972727221,0.137907880796627,0.1046433986374135,0.2305595162618905,0.1855423810460146,0.2199908472601039,-0.3555312680727982,-0.1852087482490425,0.1635680086284101,0.1766786543394283,0.1165783457127698,0.1245049142216059,0.2375240732616745,0.171140195620337,-0.3686101059970974,-0.1710163650330838,0.186029804846502,0.1311378740436622,0.0,0.0,1.1746611120953146e-06,8.78373847111292e-07,0.1240349097012165,0.1145251056214658,0.0,0.0,1.3714780271070666e-06,1.5021428079392373e-06,0.1584026767582481,0.1488142732846559,0.0752668558109963,0.3162194678390264,0.0103798925866464,-0.0094705748408877,-0.0154169503461587,0.2539661042300021,-0.175332747246924,-0.0260707127685355,-0.1732657545248938
47,-27.802778,28.768333,2015-08-26,0.2114841604849246,0.1815194530604474,0.2145097972727221,0.137907880796627,0.1046433986374135,0.2305595162618905,0.1855423810460146,0.2199908472601039,-0.3555312680727982,-0.1852087482490425,0.1635680086284101,0.1766786543394283,0.1165783457127698,0.1245049142216059,0.2375240732616745,0.171140195620337,-0.3686101059970974,-0.1710163650330838,0.186029804846502,0.1311378740436622,0.0,0.0,1.1746611120953146e-06,8.78373847111292e-07,0.1240349097012165,0.1145251056214658,0.0,0.0,1.3714780271070666e-06,1.5021428079392373e-06,0.1584026767582481,0.1488142732846559,0.0516235038072584,0.5011584693841511,0.0071192880145179,-0.0130251357791081,-0.0156714850739546,0.4307318671460614,-0.528851482845106,-0.0180368238048419,-0.4738388357837613
48,-27.802778,28.768333,2015-09-03,0.2114841604849246,0.1815194530604474,0.2145097972727221,0.137907880796627,0.1046433986374135,0.2305595162618905,0.1855423810460146,0.2199908472601039,-0.3555312680727982,-0.1852087482490425,0.1635680086284101,0.1766786543394283,0.1165783457127698,0.1245049142216059,0.2375240732616745,0.171140195620337,-0.3686101059970974,-0.1710163650330838,0.186029804846502,0.1311378740436622,0.0,0.0,1.1746611120953146e-06,8.78373847111292e-07,0.1240349097012165,0.1145251056214658,0.0,0.0,1.3714780271070666e-06,1.5021428079392373e-06,0.1584026767582481,0.1488142732846559,-1.148420520566581,-1.1746111610023455,-0.1583762403695384,-0.842692421274577,1.0928665900665016,-0.5986604630812545,0.2087767063128017,1.0206913257132666,0.1089399286764102
49,-27.802778,28.768333,2015-10-20,0.2114841604849246,0.1815194530604474,0.2145097972727221,0.137907880796627,0.1046433986374135,0.2305595162618905,0.1855423810460146,0.2199908472601039,-0.3555312680727982,-0.1852087482490425,0.1635680086284101,0.1766786543394283,0.1165783457127698,0.1245049142216059,0.2375240732616745,0.171140195620337,-0.3686101059970974,-0.1710163650330838,0.186029804846502,0.1311378740436622,0.0,0.0,1.1746611120953146e-06,8.78373847111292e-07,0.1240349097012165,0.1145251056214658,0.0,0.0,1.3714780271070666e-06,1.5021428079392373e-06,0.1584026767582481,0.1488142732846559,-1.1622316353599331,-1.332313222950728,-0.1602809019435097,-0.7549851826016232,1.0748481019213283,-0.4179259045025597,-0.0484181743022502,0.9249145212077264,0.0671688878997708
50,-27.802778,28.768333,2015-11-18,0.2114841604849246,0.1815194530604474,0.2145097972727221,0.137907880796627,0.1046433986374135,0.2305595162618905,0.1855423810460146,0.2199908472601039,-0.3555312680727982,-0.1852087482490425,0.1635680086284101,0.1766786543394283,0.1165783457127698,0.1245049142216059,0.2375240732616745,0.171140195620337,-0.3686101059970974,-0.1710163650330838,0.186029804846502,0.1311378740436622,0.0,0.0,1.1746611120953146e-06,8.78373847111292e-07,0.1240349097012165,0.1145251056214658,0.0,0.0,1.3714780271070666e-06,1.5021428079392373e-06,0.1584026767582481,0.1488142732846559,-1.088775002910048,-1.1070356778968435,-0.1501506534245436,-0.6391888262608268,0.826001469256321,-0.191281606502996,-0.1025806206954201,0.7458923220473855,-0.0766810801787818
51,-27.802778,28.768333,2015-12-17,0.2114841604849246,0.1815194530604474,0.2145097972727221,0.137907880796627,0.1046433986374135,0.2305595162618905,0.1855423810460146,0.2199908472601039,-0.3555312680727982,-0.1852087482490425,0.1635680086284101,0.1766786543394283,0.1165783457127698,0.1245049142216059,0.2375240732616745,0.171140195620337,-0.3686101059970974,-0.1710163650330838,0.186029804846502,0.1311378740436622,0.0,0.0,1.1746611120953146e-06,8.78373847111292e-07,0.1240349097012165,0.1145251056214658,0.0,0.0,1.3714780271070666e-06,1.5021428079392373e-06,0.1584026767582481,0.1488142732846559,0.2437464811191121,0.3636938134385928,0.0336145606871464,-0.2753306150338523,0.5521658558099204,-0.3352655248606775,0.1071977088838788,0.6013564460007751,0.0790782554023151
